id,name,surname,email,gender
1,Brander,McNeill,bmcneill0@photobucket.com,Male
2,Alameda,Van Eeden,avaneeden1@chron.com,Female
3,Cyrus,Attard,cattard2@trellian.com,Male
4,Mariann,MacCathay,mmaccathay3@ehow.com,Female
5,Rikki,Marston,rmarston4@google.cn,Female
6,Nathan,Honeywood,nhoneywood5@ox.ac.uk,Male
7,Iorgo,Harry,iharry6@answers.com,Agender
8,Viole,Rodenburg,vrodenburg7@va.gov,Female
9,Mufinella,Chipp,mchipp8@marriott.com,Bigender
10,Findley,McAlarney,fmcalarney9@tripadvisor.com,Male
11,Freda,Benting,fbentinga@tripadvisor.com,Female
12,Farly,Pullar,fpullarb@hostgator.com,Non-binary
13,Bax,Crumb,bcrumbc@pen.io,Male
14,Gare,Mebs,gmebsd@yolasite.com,Agender
15,Vick,Mayzes,vmayzese@ehow.com,Male
16,Julianna,Cossans,jcossansf@elpais.com,Female
17,Fernande,Wife,fwifeg@sogou.com,Female
18,Cory,Rapelli,crapellih@wikipedia.org,Female
19,Siward,Lightbown,slightbowni@opensource.org,Male
20,Niel,Coverdale,ncoverdalej@taobao.com,Male
21,Leoline,Carlone,lcarlonek@nationalgeographic.com,Genderfluid
22,Shawna,Meiningen,smeiningenl@umich.edu,Female
23,Reinaldos,O'Gready,rogreadym@eepurl.com,Male
24,Ashlin,Conklin,aconklinn@linkedin.com,Male
25,Kial,Fairholme,kfairholmeo@soundcloud.com,Female
26,Mead,Sussex,msussexp@de.vu,Female
27,Sterling,Smeath,ssmeathq@gizmodo.com,Male
28,Teddy,Agglione,tagglioner@gov.uk,Female
29,Tobe,Guiraud,tguirauds@kickstarter.com,Male
30,Kingsley,Neilus,kneilust@msu.edu,Male
31,Norina,Leuty,nleutyu@ebay.co.uk,Female
32,Skye,Immer,simmerv@theguardian.com,Male
33,Emory,Ochterlony,eochterlonyw@smugmug.com,Male
34,Hildegarde,Pieterick,hpieterickx@artisteer.com,Female
35,Darya,Bulloch,dbullochy@pcworld.com,Female
36,Aldwin,Fussey,afusseyz@technorati.com,Male
37,Corbin,Perott,cperott10@pbs.org,Male
38,Jeffrey,Thyer,jthyer11@geocities.com,Male
39,Jasmina,Ghiraldi,jghiraldi12@live.com,Female
40,Cord,Gridon,cgridon13@dmoz.org,Male
41,Etienne,Crowhurst,ecrowhurst14@google.com,Male
42,Alikee,Yarn,ayarn15@1688.com,Polygender
43,Jenda,Yewdell,jyewdell16@patch.com,Female
44,Sissie,Kilian,skilian17@vistaprint.com,Female
45,Delano,Greenside,dgreenside18@gizmodo.com,Male
46,Frederique,Batcock,fbatcock19@mapquest.com,Agender
47,Art,Bibby,abibby1a@gizmodo.com,Male
48,Vergil,Shapland,vshapland1b@hubpages.com,Male
49,Giordano,Wride,gwride1c@reverbnation.com,Genderqueer
50,Rivy,Wrates,rwrates1d@paginegialle.it,Non-binary
51,Nolana,Bullocke,nbullocke1e@nps.gov,Female
52,Rolph,Mountstephen,rmountstephen1f@hubpages.com,Male
53,Mose,Pagnin,mpagnin1g@google.fr,Male
54,Kelley,Mendel,kmendel1h@ed.gov,Male
55,Mal,Pettiford,mpettiford1i@cnet.com,Male
56,Addie,Covolini,acovolini1j@tumblr.com,Female
57,Ilka,Easdon,ieasdon1k@zimbio.com,Female
58,Tessi,Di Giacomettino,tdigiacomettino1l@surveymonkey.com,Female
59,Ted,Woodrup,twoodrup1m@mashable.com,Female
60,Niven,Maddison,nmaddison1n@vk.com,Male
61,Roxanne,Clem,rclem1o@simplemachines.org,Female
62,Darbee,Maber,dmaber1p@symantec.com,Male
63,Ganny,Mille,gmille1q@indiatimes.com,Male
64,Vanny,Alliberton,valliberton1r@reverbnation.com,Female
65,Kendricks,Rushman,krushman1s@mlb.com,Male
66,Latisha,Rowler,lrowler1t@umich.edu,Female
67,Tom,Jorger,tjorger1u@ucoz.com,Male
68,Giffer,Citrine,gcitrine1v@bloglovin.com,Male
69,Josephine,Jakubczyk,jjakubczyk1w@meetup.com,Female
70,Pepi,Gregore,pgregore1x@microsoft.com,Female
71,Basia,Pavelin,bpavelin1y@about.me,Female
72,Iosep,Teasell,iteasell1z@exblog.jp,Male
73,Barr,Niccols,bniccols20@businesswire.com,Male
74,Roley,Mumbray,rmumbray21@wp.com,Male
75,Myrtia,Croome,mcroome22@histats.com,Female
76,Marty,Semrad,msemrad23@cdc.gov,Female
77,Tadeas,Croall,tcroall24@cmu.edu,Male
78,Basilio,Mallison,bmallison25@gov.uk,Male
79,Constancy,Lamerton,clamerton26@mlb.com,Female
80,Karna,Lyston,klyston27@alibaba.com,Female
81,Birch,Simonds,bsimonds28@google.co.jp,Male
82,Aura,Coldbreath,acoldbreath29@elegantthemes.com,Female
83,Terry,Ronchi,tronchi2a@state.gov,Polygender
84,Blanche,Parkinson,bparkinson2b@sciencedaily.com,Female
85,Davie,Wallman,dwallman2c@yahoo.com,Male
86,Cassondra,Essel,cessel2d@nifty.com,Female
87,Desiri,Staniforth,dstaniforth2e@soup.io,Polygender
88,Anstice,Selby,aselby2f@sfgate.com,Female
89,Sandy,Griffin,sgriffin2g@cdc.gov,Male
90,Gradey,Peres,gperes2h@shareasale.com,Genderfluid
91,Sidonnie,Haglington,shaglington2i@freewebs.com,Female
92,Perrine,Pieroni,ppieroni2j@usnews.com,Female
93,Pauline,Ruos,pruos2k@zdnet.com,Female
94,Swen,Shalcras,sshalcras2l@privacy.gov.au,Male
95,Nicoli,Scurrer,nscurrer2m@networkadvertising.org,Female
96,Euell,Sawbridge,esawbridge2n@wiley.com,Male
97,Lou,Wealleans,lwealleans2o@wordpress.com,Male
98,Carlynne,Dufour,cdufour2p@cdc.gov,Female
99,Saunderson,Neesham,sneesham2q@xrea.com,Male
100,Samaria,Pietranek,spietranek2r@wiley.com,Female
101,Maegan,Mariette,mmariette2s@microsoft.com,Bigender
102,Lynn,Adan,ladan2t@harvard.edu,Female
103,Frank,Halse,fhalse2u@youku.com,Male
104,Bronnie,Suffe,bsuffe2v@cbsnews.com,Male
105,Remy,Hamerton,rhamerton2w@dailymotion.com,Female
106,Josiah,Cassie,jcassie2x@senate.gov,Polygender
107,Gusti,Polly,gpolly2y@google.ca,Female
108,Marmaduke,Swindon,mswindon2z@google.co.uk,Male
109,Skip,Arnow,sarnow30@t-online.de,Male
110,Aubree,Suthren,asuthren31@squidoo.com,Female
111,Pinchas,Coneley,pconeley32@unesco.org,Male
112,Neal,Colbrun,ncolbrun33@washington.edu,Male
113,Stevena,Spadaro,sspadaro34@ifeng.com,Female
114,Giorgio,Shropsheir,gshropsheir35@buzzfeed.com,Male
115,Drusilla,Stockton,dstockton36@rediff.com,Female
116,Nari,Leggis,nleggis37@fastcompany.com,Female
117,Jarvis,Cooksey,jcooksey38@utexas.edu,Male
118,Gussie,Prandi,gprandi39@1688.com,Female
119,Irvin,Dabes,idabes3a@issuu.com,Male
120,Weylin,Christofe,wchristofe3b@nytimes.com,Male
121,Phyllis,Ivanyushin,pivanyushin3c@toplist.cz,Female
122,Bellanca,Adamski,badamski3d@squidoo.com,Female
123,Darrelle,Yoselevitch,dyoselevitch3e@fema.gov,Female
124,Jenn,Kiddle,jkiddle3f@aboutads.info,Genderfluid
125,Harbert,Hazelgreave,hhazelgreave3g@freewebs.com,Genderqueer
126,Emma,Eakins,eeakins3h@vimeo.com,Female
127,Rosita,Micheu,rmicheu3i@friendfeed.com,Female
128,Royal,Webermann,rwebermann3j@imageshack.us,Male
129,Nyssa,Gristock,ngristock3k@uiuc.edu,Female
130,Janek,Newland,jnewland3l@scientificamerican.com,Male
131,Byron,Kidman,bkidman3m@pcworld.com,Male
132,Marita,Rosander,mrosander3n@springer.com,Female
133,Davida,Grelak,dgrelak3o@blog.com,Female
134,Michaelina,Brazener,mbrazener3p@blogspot.com,Female
135,Monro,Ferraraccio,mferraraccio3q@bloglovin.com,Male
136,Rodge,Tie,rtie3r@patch.com,Male
137,Phyllis,Purviss,ppurviss3s@discuz.net,Female
138,Lynsey,Fitchet,lfitchet3t@imgur.com,Female
139,Cherianne,Fleckness,cfleckness3u@archive.org,Female
140,Christoffer,Hucks,chucks3v@miitbeian.gov.cn,Genderqueer
141,Gates,Walklate,gwalklate3w@nyu.edu,Female
142,Carola,Simyson,csimyson3x@facebook.com,Female
143,Brittney,Headon,bheadon3y@macromedia.com,Female
144,Urban,Callendar,ucallendar3z@wikispaces.com,Male
145,Adriena,Brattell,abrattell40@ftc.gov,Female
146,Katha,Branche,kbranche41@sbwire.com,Bigender
147,Bernice,Heinel,bheinel42@homestead.com,Female
148,Emmalynne,Kienzle,ekienzle43@delicious.com,Female
149,Fonsie,Malafe,fmalafe44@nhs.uk,Male
150,Husain,Spatig,hspatig45@soup.io,Male
151,Lethia,Rivlin,lrivlin46@howstuffworks.com,Female
152,Inglis,Trevenu,itrevenu47@timesonline.co.uk,Male
153,Rosamund,Caverhill,rcaverhill48@imgur.com,Female
154,Torey,Dormon,tdormon49@usa.gov,Male
155,Lynnette,Laidel,llaidel4a@tmall.com,Female
156,Julianna,Godball,jgodball4b@weibo.com,Female
157,Rossy,Cosson,rcosson4c@hugedomains.com,Genderfluid
158,Beniamino,Moden,bmoden4d@livejournal.com,Male
159,Petrina,Ferreira,pferreira4e@thetimes.co.uk,Female
160,Loretta,Douthwaite,ldouthwaite4f@cnn.com,Polygender
161,Dagny,Maymand,dmaymand4g@diigo.com,Male
162,Geri,Stubbings,gstubbings4h@technorati.com,Female
163,Cristobal,Neumann,cneumann4i@vimeo.com,Male
164,Louie,Giraldon,lgiraldon4j@globo.com,Male
165,Gray,McKelvey,gmckelvey4k@bloomberg.com,Male
166,Devland,Kimmins,dkimmins4l@infoseek.co.jp,Male
167,Cher,Viall,cviall4m@4shared.com,Female
168,Elora,Rymmer,erymmer4n@cyberchimps.com,Female
169,Mill,Pendred,mpendred4o@dailymotion.com,Male
170,Ollie,Mutton,omutton4p@microsoft.com,Female
171,Piggy,Moorhead,pmoorhead4q@washington.edu,Non-binary
172,Dina,Challender,dchallender4r@omniture.com,Female
173,Samson,Gerriessen,sgerriessen4s@usatoday.com,Bigender
174,Horacio,Trynor,htrynor4t@wsj.com,Male
175,Wilie,Feaveryear,wfeaveryear4u@bluehost.com,Female
176,Jody,Barfield,jbarfield4v@un.org,Female
177,Rhea,Batchelar,rbatchelar4w@home.pl,Female
178,Aleece,Honig,ahonig4x@amazon.co.uk,Female
179,Bordy,Gynn,bgynn4y@hc360.com,Male
180,Beverie,Haruard,bharuard4z@unicef.org,Female
181,Munroe,Duckels,mduckels50@trellian.com,Male
182,Selia,Remon,sremon51@fema.gov,Female
183,Gray,Teenan,gteenan52@studiopress.com,Genderqueer
184,Dulciana,Mapholm,dmapholm53@cafepress.com,Female
185,Justinian,Alvy,jalvy54@google.com.br,Male
186,Nevin,Iacomo,niacomo55@joomla.org,Male
187,Rosy,Gaskal,rgaskal56@google.de,Female
188,Hobie,Reddecliffe,hreddecliffe57@barnesandnoble.com,Polygender
189,Verina,Willwood,vwillwood58@disqus.com,Female
190,Shauna,Gofforth,sgofforth59@imdb.com,Female
191,Willyt,Ertel,wertel5a@bluehost.com,Bigender
192,Tallou,Paddy,tpaddy5b@de.vu,Genderfluid
193,Matt,Joris,mjoris5c@elegantthemes.com,Male
194,Mikkel,Andrieux,mandrieux5d@jigsy.com,Male
195,Terence,Edsall,tedsall5e@cnet.com,Male
196,Annie,Lapping,alapping5f@squarespace.com,Female
197,Graeme,Revie,grevie5g@forbes.com,Male
198,Lauree,Fentem,lfentem5h@weibo.com,Bigender
199,Bentlee,Fumagall,bfumagall5i@amazon.com,Male
200,Tanney,Abbets,tabbets5j@yahoo.co.jp,Male
201,Olia,Adderson,oadderson5k@apache.org,Female
202,Boote,Roelvink,broelvink5l@amazon.co.jp,Male
203,Bevan,Livingston,blivingston5m@google.com.au,Male
204,Morgen,Bassano,mbassano5n@phoca.cz,Female
205,Kylen,Prescot,kprescot5o@creativecommons.org,Female
206,Magdalene,Trengrove,mtrengrove5p@pinterest.com,Female
207,Franklyn,MacCaughey,fmaccaughey5q@howstuffworks.com,Male
208,Marcelline,Reed,mreed5r@clickbank.net,Female
209,Virgie,Holehouse,vholehouse5s@imgur.com,Non-binary
210,Baird,Magnay,bmagnay5t@sciencedirect.com,Male
211,Alta,Adkin,aadkin5u@paypal.com,Female
212,Richard,Bea,rbea5v@theguardian.com,Male
213,Corby,Shuard,cshuard5w@pcworld.com,Male
214,Ariela,Nattrass,anattrass5x@shutterfly.com,Female
215,Cindelyn,O'Conor,coconor5y@xing.com,Female
216,Charlean,Jorin,cjorin5z@intel.com,Female
217,Cyrill,Amber,camber60@deviantart.com,Male
218,Tania,Summersby,tsummersby61@buzzfeed.com,Female
219,Alard,Haylett,ahaylett62@chronoengine.com,Male
220,Frederigo,Amphlett,famphlett63@weather.com,Polygender
221,Tilda,Bloys,tbloys64@icio.us,Female
222,Barde,Orringe,borringe65@utexas.edu,Male
223,Daniel,Bovaird,dbovaird66@trellian.com,Male
224,Edwina,Lowbridge,elowbridge67@umich.edu,Female
225,Emmaline,Hultberg,ehultberg68@tinyurl.com,Female
226,Seymour,Carlton,scarlton69@princeton.edu,Male
227,Say,McMurrugh,smcmurrugh6a@4shared.com,Male
228,Cleon,Sedgwick,csedgwick6b@mashable.com,Male
229,Charlotte,Marcus,cmarcus6c@nature.com,Female
230,Vernor,Bromell,vbromell6d@360.cn,Male
231,Stevena,Ratray,sratray6e@dedecms.com,Female
232,Stephine,MacNulty,smacnulty6f@people.com.cn,Female
233,Jere,Tod,jtod6g@epa.gov,Female
234,Hazel,Lafont,hlafont6h@addthis.com,Female
235,Bat,Trice,btrice6i@va.gov,Male
236,Flossi,Cordeau],fcordeau6j@economist.com,Female
237,Em,Alvy,ealvy6k@w3.org,Female
238,Ellerey,Petrussi,epetrussi6l@wordpress.com,Male
239,Thaine,Babonau,tbabonau6m@blogspot.com,Male
240,Witty,Lebang,wlebang6n@zdnet.com,Male
241,Evyn,Krelle,ekrelle6o@rediff.com,Male
242,Jimmie,Sampson,jsampson6p@ft.com,Male
243,Allissa,Critoph,acritoph6q@feedburner.com,Female
244,Etty,Scrivens,escrivens6r@phpbb.com,Female
245,Marnia,Castagno,mcastagno6s@ning.com,Female
246,Terence,Terrington,tterrington6t@squarespace.com,Male
247,Jarrad,Thorndycraft,jthorndycraft6u@wufoo.com,Male
248,Hersch,Tumpane,htumpane6v@deliciousdays.com,Male
249,Dari,Martygin,dmartygin6w@rediff.com,Female
250,Adriena,Corselles,acorselles6x@telegraph.co.uk,Female
251,Gerri,Ridgway,gridgway6y@nhs.uk,Male
252,Silvanus,Doniso,sdoniso6z@infoseek.co.jp,Male
253,Kincaid,Braiden,kbraiden70@liveinternet.ru,Male
254,Giusto,Bailes,gbailes71@bloomberg.com,Male
255,Arv,Spurret,aspurret72@mozilla.org,Male
256,Cherie,Bindley,cbindley73@spiegel.de,Female
257,Ralina,McAnellye,rmcanellye74@flavors.me,Female
258,Katey,Houlton,khoulton75@mozilla.com,Female
259,Sharleen,Medway,smedway76@privacy.gov.au,Female
260,Claybourne,Goathrop,cgoathrop77@uol.com.br,Genderfluid
261,Alaster,Quennell,aquennell78@woothemes.com,Male
262,Lucy,Fewtrell,lfewtrell79@ft.com,Female
263,Rossie,Royan,rroyan7a@princeton.edu,Male
264,Duky,Kenner,dkenner7b@163.com,Male
265,Erasmus,Greaterex,egreaterex7c@gizmodo.com,Male
266,Giacopo,Scaysbrook,gscaysbrook7d@salon.com,Agender
267,Dion,Hartland,dhartland7e@arizona.edu,Male
268,Farrel,Bertrand,fbertrand7f@over-blog.com,Male
269,Cleo,Strettell,cstrettell7g@theglobeandmail.com,Female
270,Val,McLeoid,vmcleoid7h@1und1.de,Female
271,Saunderson,Matus,smatus7i@whitehouse.gov,Male
272,Mendel,Pagen,mpagen7j@furl.net,Male
273,Deidre,Steddall,dsteddall7k@gravatar.com,Female
274,Goober,Brennans,gbrennans7l@vimeo.com,Male
275,Claire,Stealfox,cstealfox7m@cnbc.com,Male
276,Jeanne,Berthomieu,jberthomieu7n@google.ca,Female
277,Hanson,Woolam,hwoolam7o@theatlantic.com,Male
278,Yetta,Hinkley,yhinkley7p@google.ca,Female
279,Maximo,De Dantesie,mdedantesie7q@businessweek.com,Male
280,Marla,Coudray,mcoudray7r@blogger.com,Female
281,Darnall,Vashchenko,dvashchenko7s@pinterest.com,Male
282,Lucille,Aery,laery7t@dot.gov,Female
283,Jillana,Coomber,jcoomber7u@cpanel.net,Female
284,Bernard,Minifie,bminifie7v@google.com,Genderfluid
285,Theda,Etuck,tetuck7w@msu.edu,Genderqueer
286,Aron,Danbury,adanbury7x@craigslist.org,Male
287,Max,Klulicek,mklulicek7y@cpanel.net,Female
288,Emilia,Spata,espata7z@issuu.com,Female
289,Imogen,Moloney,imoloney80@hao123.com,Bigender
290,Rutherford,Mabbot,rmabbot81@cmu.edu,Male
291,Puff,Osmon,posmon82@netscape.com,Male
292,Carlyle,Pittwood,cpittwood83@tumblr.com,Bigender
293,Stacie,Martschke,smartschke84@shareasale.com,Female
294,Aurelea,Casier,acasier85@scientificamerican.com,Female
295,Prent,Feaveryear,pfeaveryear86@linkedin.com,Male
296,Halsy,Dosdell,hdosdell87@archive.org,Polygender
297,Doralyn,Murby,dmurby88@bigcartel.com,Female
298,Sebastiano,Rubenov,srubenov89@ehow.com,Male
299,Luce,Zettler,lzettler8a@mapy.cz,Male
300,Darrell,Onyon,donyon8b@clickbank.net,Male
301,Marlene,Fedynski,mfedynski8c@indiatimes.com,Female
302,Reynard,Nortunen,rnortunen8d@kickstarter.com,Male
303,Richart,Burles,rburles8e@webmd.com,Male
304,Karylin,Ferrar,kferrar8f@acquirethisname.com,Female
305,Godfry,Moylan,gmoylan8g@123-reg.co.uk,Male
306,Dallas,Freire,dfreire8h@uiuc.edu,Male
307,Pepita,Burtonwood,pburtonwood8i@accuweather.com,Female
308,Freddie,Flatte,fflatte8j@bluehost.com,Bigender
309,Lilian,Blumire,lblumire8k@wired.com,Female
310,Aurelia,Divill,adivill8l@google.es,Female
311,Bartel,Ferronet,bferronet8m@usa.gov,Male
312,Iolande,Redon,iredon8n@seesaa.net,Female
313,Rosy,Ausiello,rausiello8o@goo.gl,Female
314,Dilly,Cocking,dcocking8p@accuweather.com,Male
315,Karole,Rawe,krawe8q@foxnews.com,Female
316,Culley,Pheasant,cpheasant8r@cam.ac.uk,Male
317,Louisa,Weir,lweir8s@intel.com,Female
318,Fey,Blaase,fblaase8t@csmonitor.com,Female
319,Rod,Densie,rdensie8u@seesaa.net,Male
320,Yank,Cornes,ycornes8v@slideshare.net,Male
321,Bartolomeo,Aronowitz,baronowitz8w@acquirethisname.com,Male
322,Cornall,Perris,cperris8x@free.fr,Male
323,Gabbi,Whitehead,gwhitehead8y@samsung.com,Female
324,Ferdinanda,Caulwell,fcaulwell8z@howstuffworks.com,Female
325,Darbie,Hutchinges,dhutchinges90@joomla.org,Genderqueer
326,Tibold,O'Scandall,toscandall91@cnbc.com,Male
327,Ad,Hailey,ahailey92@reddit.com,Male
328,Marcellus,Andretti,mandretti93@wikispaces.com,Male
329,Amalea,Risbrough,arisbrough94@abc.net.au,Female
330,Adams,Wheildon,awheildon95@google.com.br,Genderfluid
331,Edee,Dulany,edulany96@addtoany.com,Female
332,Marylee,Stoneham,mstoneham97@usa.gov,Female
333,Manny,Scopes,mscopes98@wix.com,Male
334,Shir,Ainley,sainley99@msu.edu,Female
335,Marti,Oxe,moxe9a@myspace.com,Female
336,Caressa,Wallbridge,cwallbridge9b@sciencedaily.com,Female
337,Verney,Mosco,vmosco9c@wikispaces.com,Male
338,Vernor,Fawthrop,vfawthrop9d@engadget.com,Male
339,Luca,Jacks,ljacks9e@yolasite.com,Male
340,Aigneis,Killby,akillby9f@ask.com,Female
341,Brigit,Brokenshaw,bbrokenshaw9g@github.io,Female
342,Arnaldo,Denman,adenman9h@amazonaws.com,Male
343,Enrica,Butner,ebutner9i@noaa.gov,Female
344,Yuma,Hort,yhort9j@bbc.co.uk,Male
345,Raviv,Dowgill,rdowgill9k@cbsnews.com,Male
346,Raphael,Chidgey,rchidgey9l@t.co,Male
347,Hamilton,Winfred,hwinfred9m@stanford.edu,Male
348,Flossi,Rouby,frouby9n@cbc.ca,Female
349,Charleen,Davoren,cdavoren9o@live.com,Female
350,Guinevere,Laise,glaise9p@twitpic.com,Female
351,Odelle,Olliff,oolliff9q@ebay.co.uk,Female
352,Shelba,Issac,sissac9r@apache.org,Female
353,Starlin,Voase,svoase9s@nsw.gov.au,Female
354,Aurilia,Ilem,ailem9t@behance.net,Genderfluid
355,Sidnee,Tippetts,stippetts9u@lycos.com,Male
356,Sean,Maiklem,smaiklem9v@toplist.cz,Female
357,Quintus,Jonk,qjonk9w@tamu.edu,Male
358,Brandtr,Sturr,bsturr9x@yahoo.co.jp,Male
359,Timothee,Probin,tprobin9y@princeton.edu,Male
360,Gaby,Goodbody,ggoodbody9z@virginia.edu,Female
361,Ganny,Licciardello,glicciardelloa0@t.co,Male
362,Marcie,Mathevet,mmatheveta1@xing.com,Female
363,Anabel,Ourry,aourrya2@hc360.com,Female
364,Vick,Middleditch,vmiddleditcha3@cdc.gov,Male
365,Gwyneth,Dewdney,gdewdneya4@adobe.com,Female
366,Nikita,MacKimm,nmackimma5@wunderground.com,Male
367,Desi,Lambirth,dlambirtha6@blogs.com,Male
368,Dru,McElhinney,dmcelhinneya7@reddit.com,Agender
369,Connie,Dicker,cdickera8@webeden.co.uk,Male
370,Michele,Sanbrooke,msanbrookea9@scientificamerican.com,Female
371,Effie,Dominelli,edominelliaa@pagesperso-orange.fr,Bigender
372,Bamby,Paxeford,bpaxefordab@chronoengine.com,Female
373,Rriocard,Webberley,rwebberleyac@sbwire.com,Male
374,Gail,Rime,grimead@engadget.com,Male
375,Nevsa,De Dantesie,ndedantesieae@webmd.com,Female
376,Wolf,Gillan,wgillanaf@smugmug.com,Agender
377,Kariotta,Rochelle,krochelleag@prnewswire.com,Female
378,Niall,Rogers,nrogersah@dedecms.com,Male
379,Faith,Doram,fdoramai@nhs.uk,Female
380,Cortie,Halle,challeaj@java.com,Male
381,Ernestus,Thomassen,ethomassenak@weebly.com,Male
382,Keir,Gomar,kgomaral@google.ca,Genderqueer
383,Tuckie,Elsworth,telswortham@harvard.edu,Male
384,Keri,Duddell,kduddellan@msn.com,Female
385,Cherish,Meineck,cmeineckao@sakura.ne.jp,Female
386,Renee,Woollhead,rwoollheadap@chicagotribune.com,Female
387,Ainslie,Schohier,aschohieraq@google.com,Female
388,Cassie,Perham,cperhamar@ftc.gov,Non-binary
389,Pet,Ogbourne,pogbourneas@cnet.com,Female
390,Cammy,Allon,callonat@geocities.jp,Female
391,Jayson,Whipple,jwhippleau@tumblr.com,Male
392,Sisile,Willcocks,swillcocksav@aboutads.info,Female
393,Ursuline,Liddiard,uliddiardaw@oakley.com,Female
394,Luke,Eade,leadeax@dedecms.com,Non-binary
395,Tobie,McPaik,tmcpaikay@cdbaby.com,Male
396,Roxi,Valentin,rvalentinaz@is.gd,Female
397,Domingo,Szwandt,dszwandtb0@elpais.com,Male
398,Aubert,Wackett,awackettb1@huffingtonpost.com,Male
399,Charley,Staining,cstainingb2@indiatimes.com,Male
400,Nanete,Seppey,nseppeyb3@economist.com,Agender
401,Chelsey,Latliff,clatliffb4@elpais.com,Female
402,Sibyl,Giannazzi,sgiannazzib5@marriott.com,Male
403,Boyd,Loyndon,bloyndonb6@umich.edu,Male
404,Judi,Siaspinski,jsiaspinskib7@ovh.net,Polygender
405,Vick,Sallter,vsallterb8@telegraph.co.uk,Male
406,Esther,Haggata,ehaggatab9@theglobeandmail.com,Non-binary
407,Shannah,Lukehurst,slukehurstba@360.cn,Non-binary
408,Sholom,Copcutt,scopcuttbb@mapquest.com,Male
409,Griselda,Kibble,gkibblebc@hatena.ne.jp,Female
410,Essy,McLane,emclanebd@forbes.com,Female
411,Jonah,Hansmann,jhansmannbe@answers.com,Male
412,Salaidh,Fairham,sfairhambf@issuu.com,Female
413,Alvie,Alldritt,aalldrittbg@joomla.org,Polygender
414,Birch,Grange,bgrangebh@goo.ne.jp,Male
415,Dorrie,Coveny,dcovenybi@hhs.gov,Female
416,Alleyn,Duffin,aduffinbj@kickstarter.com,Male
417,Noak,Osselton,nosseltonbk@latimes.com,Male
418,Callida,Tearny,ctearnybl@ask.com,Female
419,Martina,Palleske,mpalleskebm@123-reg.co.uk,Female
420,Coralyn,Chaney,cchaneybn@marketwatch.com,Female
421,Webb,Riceards,wriceardsbo@vkontakte.ru,Male
422,Noemi,Mouan,nmouanbp@liveinternet.ru,Female
423,Cloe,Hold,choldbq@cnet.com,Female
424,Alyce,Fetter,afetterbr@ustream.tv,Non-binary
425,Halley,Rentoul,hrentoulbs@bizjournals.com,Female
426,Alexandra,Headley,aheadleybt@webmd.com,Female
427,Yardley,Record,yrecordbu@ovh.net,Male
428,Bobine,Trowell,btrowellbv@hibu.com,Female
429,Ferguson,Nolte,fnoltebw@squarespace.com,Male
430,Kandace,Reubens,kreubensbx@berkeley.edu,Female
431,Christine,Leese,cleeseby@ibm.com,Female
432,Hobard,Slucock,hslucockbz@dropbox.com,Male
433,Ozzy,Benneton,obennetonc0@noaa.gov,Male
434,Jo,Tyndall,jtyndallc1@paypal.com,Male
435,Haskel,Lagden,hlagdenc2@cargocollective.com,Male
436,Aida,Flux,afluxc3@hugedomains.com,Female
437,Nicolis,Siward,nsiwardc4@bloglovin.com,Male
438,Sydney,Gayforth,sgayforthc5@vimeo.com,Male
439,Alla,Youson,ayousonc6@theguardian.com,Female
440,Brandyn,Pohl,bpohlc7@jigsy.com,Male
441,Felisha,Ewer,fewerc8@patch.com,Female
442,Frederico,Masterton,fmastertonc9@alibaba.com,Male
443,Ileana,Ullock,iullockca@cornell.edu,Female
444,Siegfried,Kinkead,skinkeadcb@macromedia.com,Male
445,Karon,McLernon,kmclernoncc@techcrunch.com,Female
446,Eve,Noriega,enoriegacd@washington.edu,Female
447,Marv,Heindle,mheindlece@ca.gov,Male
448,Elwyn,D'Aeth,edaethcf@slashdot.org,Male
449,Berk,Potter,bpottercg@xinhuanet.com,Male
450,Fawne,Petrol,fpetrolch@ycombinator.com,Agender
451,Tommie,Stenton,tstentonci@plala.or.jp,Male
452,Quentin,Garlee,qgarleecj@loc.gov,Male
453,Quintin,Pleace,qpleaceck@ehow.com,Male
454,Hakeem,O'Corren,hocorrencl@unicef.org,Male
455,Jarad,Whiff,jwhiffcm@tripadvisor.com,Male
456,Lon,Lacheze,llachezecn@bluehost.com,Male
457,Tammy,Deyenhardt,tdeyenhardtco@canalblog.com,Male
458,Cassey,Symcock,csymcockcp@theguardian.com,Female
459,Laney,Witton,lwittoncq@loc.gov,Genderfluid
460,Vernen,Cropper,vcroppercr@cafepress.com,Male
461,Francis,Cayzer,fcayzercs@buzzfeed.com,Male
462,Les,Goffe,lgoffect@homestead.com,Male
463,Gusty,Raddan,graddancu@ning.com,Female
464,Kendra,Payler,kpaylercv@amazon.co.jp,Female
465,Carlen,Impey,cimpeycw@examiner.com,Female
466,Harrie,Geffen,hgeffencx@sourceforge.net,Genderfluid
467,Latrina,Kraut,lkrautcy@php.net,Female
468,Cornell,Harral,charralcz@joomla.org,Male
469,Lockwood,Walbrook,lwalbrookd0@digg.com,Male
470,Fionna,Schrinel,fschrineld1@weibo.com,Female
471,Jana,Maudett,jmaudettd2@opensource.org,Female
472,Gottfried,Sessions,gsessionsd3@yellowpages.com,Male
473,Adey,Corradengo,acorradengod4@dailymail.co.uk,Female
474,Vanna,Turl,vturld5@google.pl,Female
475,Vinnie,Coe,vcoed6@epa.gov,Male
476,Zondra,Gregore,zgregored7@clickbank.net,Female
477,Northrup,Barthel,nbartheld8@furl.net,Male
478,Kacie,Staneland,kstanelandd9@hc360.com,Female
479,Jessie,Beechcraft,jbeechcraftda@whitehouse.gov,Female
480,Siffre,Southers,ssouthersdb@state.tx.us,Male
481,Margi,Delea,mdeleadc@parallels.com,Female
482,Mill,Rafter,mrafterdd@alexa.com,Non-binary
483,Elva,Ezzle,eezzlede@princeton.edu,Female
484,Austin,Brookson,abrooksondf@alexa.com,Male
485,Mortimer,Bradock,mbradockdg@hibu.com,Bigender
486,Selby,Braznell,sbraznelldh@cnbc.com,Male
487,Alister,Hearnshaw,ahearnshawdi@shareasale.com,Male
488,Mora,Piddocke,mpiddockedj@arizona.edu,Female
489,Bern,Shelper,bshelperdk@alexa.com,Male
490,Carol,Dufour,cdufourdl@blinklist.com,Female
491,Ellis,Beevens,ebeevensdm@slideshare.net,Male
492,Consolata,France,cfrancedn@hibu.com,Female
493,Romain,Scrange,rscrangedo@wunderground.com,Male
494,Rhea,Witherby,rwitherbydp@wordpress.com,Female
495,Vaughan,Gates,vgatesdq@tiny.cc,Male
496,Idalina,Shewan,ishewandr@netscape.com,Female
497,Pet,Borrowman,pborrowmands@washingtonpost.com,Female
498,Torrence,Chazelas,tchazelasdt@bravesites.com,Male
499,Caitlin,Bellam,cbellamdu@tamu.edu,Female
500,Dona,MacAiline,dmacailinedv@cdc.gov,Female