501,Gertie,Nuccitelli,gnuccitellidw@drupal.org,Female
502,Caleb,Caban,ccabandx@1688.com,Male
503,Teresita,Agg,taggdy@ibm.com,Female
504,Clo,Hopkins,chopkinsdz@wikipedia.org,Non-binary
505,Orelle,Pickersail,opickersaile0@google.nl,Female
506,Laney,Boome,lboomee1@shinystat.com,Female
507,Hieronymus,Pilmore,hpilmoree2@microsoft.com,Male
508,Halette,Breakspear,hbreakspeare3@elpais.com,Female
509,Madelaine,Marien,mmariene4@feedburner.com,Female
510,Sherman,Ollington,sollingtone5@multiply.com,Male
511,Cyb,Pargent,cpargente6@netvibes.com,Female
512,Bette-ann,Gresch,bgresche7@zimbio.com,Genderfluid
513,Clem,Cashen,ccashene8@vimeo.com,Male
514,Delmor,Farres,dfarrese9@si.edu,Male
515,Rici,Godden,rgoddenea@xinhuanet.com,Female
516,Sheelagh,Allcorn,sallcorneb@simplemachines.org,Female
517,Shelli,Fyrth,sfyrthec@answers.com,Female
518,Rozelle,Caughey,rcaugheyed@lycos.com,Female
519,Allistir,Blackett,ablackettee@ted.com,Male
520,Simonne,Carlozzi,scarlozzief@mediafire.com,Female
521,Tess,Vakhonin,tvakhonineg@unc.edu,Female
522,Talbert,Wigglesworth,twiggleswortheh@census.gov,Male
523,Kalvin,Goodband,kgoodbandei@cisco.com,Male
524,Marge,Halworth,mhalworthej@microsoft.com,Genderfluid
525,Siffre,Achrameev,sachrameevek@mayoclinic.com,Male
526,Shela,Smallpiece,ssmallpieceel@constantcontact.com,Female
527,Viv,Pauly,vpaulyem@ocn.ne.jp,Female
528,Katheryn,Collington,kcollingtonen@deviantart.com,Female
529,Kile,Toxell,ktoxelleo@indiatimes.com,Agender
530,Remy,Gainseford,rgainsefordep@hostgator.com,Female
531,Diena,Sarchwell,dsarchwelleq@4shared.com,Female
532,Laurent,Antonsson,lantonssoner@mac.com,Male
533,Aleen,Bezarra,abezarraes@shinystat.com,Female
534,Dimitry,Mothersole,dmothersoleet@google.fr,Male
535,Marthena,Scutts,mscuttseu@umich.edu,Genderqueer
536,Blakeley,Alcorn,balcornev@ft.com,Female
537,Yovonnda,Baldree,ybaldreeew@flavors.me,Female
538,Grant,Oxford,goxfordex@webs.com,Male
539,Leonidas,Yakolev,lyakolevey@ucoz.com,Male
540,Ginelle,Everal,geveralez@usda.gov,Genderqueer
541,Kerri,Rillatt,krillattf0@macromedia.com,Polygender
542,Brennen,Nuss,bnussf1@sciencedaily.com,Male
543,Perry,Buggs,pbuggsf2@reverbnation.com,Female
544,Swen,Lowmass,slowmassf3@vimeo.com,Male
545,Torrence,Bullier,tbullierf4@pagesperso-orange.fr,Male
546,Astrix,Schneidar,aschneidarf5@va.gov,Female
547,Carmella,Deer,cdeerf6@nymag.com,Female
548,Letta,Woolaston,lwoolastonf7@senate.gov,Female
549,Anastassia,MacCart,amaccartf8@twitpic.com,Female
550,Edwin,Polland,epollandf9@mit.edu,Male
551,Currey,Fyers,cfyersfa@typepad.com,Male
552,Shanna,Rabat,srabatfb@nasa.gov,Female
553,Margot,Vedenyapin,mvedenyapinfc@whitehouse.gov,Female
554,Myrtia,Adlem,madlemfd@lulu.com,Female
555,Prisca,Bowdery,pbowderyfe@jiathis.com,Female
556,Cece,Cottill,ccottillff@theatlantic.com,Male
557,Bellina,Gambie,bgambiefg@baidu.com,Bigender
558,Auberta,Streader,astreaderfh@timesonline.co.uk,Female
559,Averil,Housegoe,ahousegoefi@miitbeian.gov.cn,Male
560,Bridie,Rabidge,brabidgefj@people.com.cn,Female
561,Hy,McCulley,hmcculleyfk@icq.com,Male
562,Hasheem,Wise,hwisefl@oaic.gov.au,Male
563,Hobard,Emm,hemmfm@un.org,Male
564,Morry,Dally,mdallyfn@bloomberg.com,Male
565,Letitia,Basnett,lbasnettfo@weather.com,Female
566,Janenna,Pickle,jpicklefp@si.edu,Female
567,Essie,Georgeson,egeorgesonfq@hc360.com,Female
568,Laura,Screaton,lscreatonfr@loc.gov,Female
569,Spike,Halfhead,shalfheadfs@sogou.com,Male
570,Ariadne,Gerrish,agerrishft@constantcontact.com,Female
571,Rainer,Leil,rleilfu@shutterfly.com,Male
572,Dennie,Morbey,dmorbeyfv@skype.com,Male
573,Ara,Linkin,alinkinfw@va.gov,Female
574,Meridel,Mease,mmeasefx@sun.com,Female
575,Cheslie,Dearell,cdearellfy@merriam-webster.com,Female
576,Ad,Sainte Paul,asaintepaulfz@constantcontact.com,Male
577,Kellsie,Mathely,kmathelyg0@craigslist.org,Agender
578,Flori,Kern,fkerng1@nydailynews.com,Female
579,Mark,Blount,mblountg2@eepurl.com,Male
580,Barnett,Tretter,btretterg3@chron.com,Male
581,Aguie,Schistl,aschistlg4@posterous.com,Male
582,Grethel,Sowray,gsowrayg5@cocolog-nifty.com,Female
583,Carlyle,Tonkes,ctonkesg6@canalblog.com,Male
584,Anett,Pawelec,apawelecg7@diigo.com,Female
585,Leroy,Sainsbury,lsainsburyg8@squarespace.com,Male
586,Shelli,Egginton,seggintong9@nationalgeographic.com,Polygender
587,Vivia,McGoon,vmcgoonga@sfgate.com,Female
588,Aviva,Bonhome,abonhomegb@thetimes.co.uk,Female
589,Flemming,Verrell,fverrellgc@samsung.com,Male
590,Ulrikaumeko,Petrelluzzi,upetrelluzzigd@google.it,Female
591,Cristin,Gullis,cgullisge@sakura.ne.jp,Female
592,Pierson,Tomenson,ptomensongf@delicious.com,Non-binary
593,Sterling,MacShirrie,smacshirriegg@illinois.edu,Male
594,Delaney,Etter,dettergh@jalbum.net,Male
595,Marena,MacKereth,mmackerethgi@yahoo.co.jp,Female
596,Chrysa,Juza,cjuzagj@house.gov,Female
597,Meggie,Geyton,mgeytongk@canalblog.com,Genderqueer
598,Graeme,Gaine of England,ggaineofenglandgl@wunderground.com,Male
599,Kellia,De Giorgio,kdegiorgiogm@rakuten.co.jp,Female
600,Artus,Harmstone,aharmstonegn@geocities.com,Male
601,Martyn,Sabatier,msabatiergo@pbs.org,Male
602,Winni,De Filippo,wdefilippogp@cocolog-nifty.com,Female
603,Roth,Yetman,ryetmangq@techcrunch.com,Male
604,Dexter,Corteney,dcorteneygr@g.co,Male
605,Winonah,Speight,wspeightgs@nps.gov,Female
606,Amerigo,Worrell,aworrellgt@studiopress.com,Male
607,Pattie,Shills,pshillsgu@rambler.ru,Male
608,Baillie,Boutwell,bboutwellgv@youku.com,Male
609,Michelina,Alster,malstergw@topsy.com,Female
610,Jamima,Freezor,jfreezorgx@cnn.com,Female
611,Torey,Unworth,tunworthgy@wired.com,Male
612,Redford,Grimsey,rgrimseygz@google.cn,Male
613,Bil,Nealy,bnealyh0@elpais.com,Male
614,Gladys,Plaxton,gplaxtonh1@rakuten.co.jp,Female
615,Alana,Halt,ahalth2@dyndns.org,Female
616,Florette,Volleth,fvollethh3@t-online.de,Female
617,Bobbie,Standrin,bstandrinh4@wikimedia.org,Female
618,Korey,Choke,kchokeh5@xing.com,Male
619,Daron,Spurritt,dspurritth6@un.org,Male
620,Sigmund,Kingswell,skingswellh7@bing.com,Male
621,Shaun,Vodden,svoddenh8@hhs.gov,Female
622,Olympie,Duncklee,odunckleeh9@hexun.com,Female
623,Hollie,Pinkett,hpinkettha@reverbnation.com,Female
624,Julieta,Gwin,jgwinhb@abc.net.au,Polygender
625,Nicolette,Bateup,nbateuphc@prweb.com,Female
626,Gaultiero,Meininger,gmeiningerhd@google.es,Male
627,Aeriela,Grcic,agrciche@cloudflare.com,Female
628,Tandy,Emmet,temmethf@rediff.com,Female
629,Lisha,Rosier,lrosierhg@issuu.com,Female
630,Lanette,Tocher,ltocherhh@devhub.com,Female
631,Denver,Forster,dforsterhi@mlb.com,Male
632,Russell,Huckfield,rhuckfieldhj@sina.com.cn,Male
633,Fannie,Bergin,fberginhk@dot.gov,Female
634,Angy,Jouannin,ajouanninhl@netvibes.com,Female
635,Paulina,Malitrott,pmalitrotthm@ow.ly,Female
636,Jen,McMurdo,jmcmurdohn@va.gov,Female
637,Tiler,Shulver,tshulverho@rambler.ru,Male
638,Moses,Shepcutt,mshepcutthp@bbb.org,Male
639,Tiebold,Hamson,thamsonhq@meetup.com,Non-binary
640,Lyn,Larmouth,llarmouthhr@hud.gov,Female
641,Ainsley,Gerlack,agerlackhs@constantcontact.com,Polygender
642,Caty,Lithcow,clithcowht@mapquest.com,Female
643,Michelina,Monday,mmondayhu@unc.edu,Female
644,Giselbert,Petrashkov,gpetrashkovhv@exblog.jp,Male
645,Giacomo,Scholig,gscholighw@oaic.gov.au,Male
646,Gennifer,Cosin,gcosinhx@statcounter.com,Female
647,Vladimir,Sackler,vsacklerhy@cbc.ca,Male
648,Pembroke,Chesson,pchessonhz@multiply.com,Male
649,Hillary,Joiris,hjoirisi0@smh.com.au,Bigender
650,Way,Sisson,wsissoni1@google.co.uk,Male
651,Letty,Tregale,ltregalei2@blinklist.com,Female
652,Wiatt,MacAllen,wmacalleni3@yahoo.com,Male
653,Aurore,Kiossel,akiosseli4@godaddy.com,Female
654,Cassie,Jarad,cjaradi5@sitemeter.com,Male
655,Catlee,Bonnick,cbonnicki6@vimeo.com,Female
656,Fallon,Lau,flaui7@creativecommons.org,Female
657,Cassandra,Semonin,csemonini8@4shared.com,Female
658,Bab,Bedinn,bbedinni9@intel.com,Female
659,Dickie,Kendal,dkendalia@ezinearticles.com,Male
660,Morrie,Loutheane,mloutheaneib@is.gd,Male
661,Sarene,Fryd,sfrydic@gmpg.org,Female
662,Urbanus,Robertz,urobertzid@ovh.net,Male
663,Broddy,Fromant,bfromantie@gizmodo.com,Male
664,Devonna,Hylden,dhyldenif@sfgate.com,Female
665,Clyde,Stitt,cstittig@devhub.com,Male
666,Killie,De Roeck,kderoeckih@example.com,Genderfluid
667,Sheila,Edinburgh,sedinburghii@shinystat.com,Female
668,Sylvia,Airey,saireyij@ifeng.com,Female
669,Carolann,Lewinton,clewintonik@delicious.com,Female
670,Filberto,Ellsworthe,fellswortheil@themeforest.net,Male
671,Loise,Hitchens,lhitchensim@acquirethisname.com,Female
672,Fae,Molohan,fmolohanin@drupal.org,Female
673,Antons,Monier,amonierio@sitemeter.com,Male
674,Ira,Keywood,ikeywoodip@imgur.com,Genderqueer
675,Fanni,Cheeseman,fcheesemaniq@census.gov,Female
676,Dorey,Spon,dsponir@issuu.com,Male
677,Cordie,Batsford,cbatsfordis@ebay.co.uk,Male
678,Broddy,Erangy,berangyit@nydailynews.com,Male
679,Petronia,Merill,pmerilliu@typepad.com,Female
680,Alvy,Cabral,acabraliv@hexun.com,Male
681,Bridie,Agglio,bagglioiw@altervista.org,Female
682,Alvira,Cicchinelli,acicchinelliix@guardian.co.uk,Female
683,Claudio,Dearsley,cdearsleyiy@opensource.org,Male
684,Norris,Livesey,nliveseyiz@lycos.com,Bigender
685,Allx,Walter,awalterj0@elegantthemes.com,Female
686,Melvyn,Crease,mcreasej1@jiathis.com,Male
687,Rurik,Dunsire,rdunsirej2@baidu.com,Male
688,Hadleigh,Keeping,hkeepingj3@linkedin.com,Male
689,Gaye,Falls,gfallsj4@arizona.edu,Female
690,Morris,Traite,mtraitej5@theguardian.com,Male
691,Rog,Sarjeant,rsarjeantj6@jugem.jp,Male
692,Waldon,Fairhurst,wfairhurstj7@usnews.com,Male
693,Aldon,Studde,astuddej8@storify.com,Male
694,Parker,Rhoades,prhoadesj9@diigo.com,Male
695,Niccolo,Esposito,nespositoja@vimeo.com,Male
696,Anne-marie,Neylan,aneylanjb@vistaprint.com,Female
697,Link,Orrell,lorrelljc@cnet.com,Male
698,Eldin,Reinhart,ereinhartjd@yelp.com,Male
699,Cyndi,Bassick,cbassickje@tripadvisor.com,Female
700,Jania,Strudwick,jstrudwickjf@lycos.com,Female
701,Chadd,Ready,creadyjg@google.ru,Male
702,Maddie,Essam,messamjh@quantcast.com,Male
703,Sada,Wyeth,swyethji@hubpages.com,Bigender
704,Ingram,Deboy,ideboyjj@amazon.co.uk,Male
705,Dare,Michelle,dmichellejk@php.net,Male
706,Alexandros,Le Noire,alenoirejl@abc.net.au,Male
707,Celestina,Oliver-Paull,coliverpaulljm@4shared.com,Female
708,Ian,Spata,ispatajn@goodreads.com,Male
709,Harbert,Ebbles,hebblesjo@illinois.edu,Male
710,Trent,Bucklee,tbuckleejp@parallels.com,Male
711,Vivie,Hourican,vhouricanjq@oakley.com,Agender
712,Stanislaus,Mourbey,smourbeyjr@theatlantic.com,Male
713,Gery,Bennetts,gbennettsjs@reddit.com,Male
714,Doroteya,Hamblington,dhamblingtonjt@nhs.uk,Female
715,Sayers,Locket,slocketju@webnode.com,Male
716,Jesus,Ingerfield,jingerfieldjv@bigcartel.com,Male
717,Packston,Bletsoe,pbletsoejw@wikimedia.org,Male
718,Callida,Hariot,chariotjx@usnews.com,Female
719,Berton,Scedall,bscedalljy@netvibes.com,Male
720,Hastie,Vanstone,hvanstonejz@homestead.com,Male
721,Horatio,Loach,hloachk0@time.com,Agender
722,Christan,Gun,cgunk1@mediafire.com,Female
723,Kalinda,Layman,klaymank2@lulu.com,Female
724,Markos,Alsopp,malsoppk3@cisco.com,Male
725,Marcos,Tetla,mtetlak4@addthis.com,Genderfluid
726,Harp,Suart,hsuartk5@geocities.com,Male
727,Caldwell,Croal,ccroalk6@java.com,Male
728,Othello,Whye,owhyek7@nih.gov,Male
729,Catharine,Darrigoe,cdarrigoek8@vimeo.com,Genderqueer
730,Clari,Curee,ccureek9@reddit.com,Female
731,Anjela,Stodd,astoddka@upenn.edu,Female
732,Calvin,Michieli,cmichielikb@guardian.co.uk,Male
733,Simone,Feldberger,sfeldbergerkc@indiegogo.com,Male
734,Yolande,Mulcahy,ymulcahykd@godaddy.com,Female
735,Oralee,Gilson,ogilsonke@sakura.ne.jp,Female
736,Christophe,Keford,ckefordkf@4shared.com,Male
737,Brander,Medgewick,bmedgewickkg@sogou.com,Male
738,Vance,Tomasek,vtomasekkh@umn.edu,Male
739,Fraze,Silmon,fsilmonki@ovh.net,Male
740,Zacharie,Marcinkus,zmarcinkuskj@diigo.com,Male
741,Cass,Curro,ccurrokk@geocities.com,Female
742,Vince,Yeowell,vyeowellkl@state.gov,Male
743,Tyne,De Domenico,tdedomenicokm@patch.com,Genderfluid
744,Emmy,Roussell,eroussellkn@myspace.com,Male
745,Guinevere,Cubbit,gcubbitko@flavors.me,Female
746,Ulrike,Coulling,ucoullingkp@1688.com,Female
747,Charlotte,Simonite,csimonitekq@nationalgeographic.com,Female
748,Klaus,Burnup,kburnupkr@census.gov,Male
749,Raina,Nuccitelli,rnuccitelliks@people.com.cn,Female
750,Hunt,Jedryka,hjedrykakt@exblog.jp,Male
751,Obidiah,Shoobridge,oshoobridgeku@last.fm,Male
752,Early,Shoveller,eshovellerkv@hibu.com,Male
753,Penni,Lomas,plomaskw@time.com,Female
754,Arnie,Fruchter,afruchterkx@dropbox.com,Male
755,Palm,Grizard,pgrizardky@google.ru,Male
756,Boris,Luard,bluardkz@whitehouse.gov,Male
757,Wainwright,Tangye,wtangyel0@amazon.co.uk,Male
758,Cyndie,Slight,cslightl1@webeden.co.uk,Female
759,Aldon,Featherstonhalgh,afeatherstonhalghl2@usa.gov,Male
760,Lisle,Binch,lbinchl3@telegraph.co.uk,Polygender
761,Giffie,Laffling,glafflingl4@walmart.com,Male
762,Will,Fumagallo,wfumagallol5@hexun.com,Male
763,Barbabra,Littlekit,blittlekitl6@t.co,Female
764,Laurens,Creedland,lcreedlandl7@kickstarter.com,Male
765,Stephine,Belison,sbelisonl8@tumblr.com,Female
766,Alaster,Bertenshaw,abertenshawl9@shutterfly.com,Male
767,Guntar,Tolcharde,gtolchardela@google.cn,Male
768,Blake,Ferrea,bferrealb@123-reg.co.uk,Female
769,Edita,Pretor,epretorlc@wikimedia.org,Female
770,Klemens,Iliff,kiliffld@t-online.de,Male
771,Modestia,Yerson,myersonle@hubpages.com,Female
772,Vale,Slyde,vslydelf@biblegateway.com,Female
773,Stillmann,Alyoshin,salyoshinlg@dropbox.com,Male
774,Mathe,McCrae,mmccraelh@yandex.ru,Male
775,Felicdad,Woodison,fwoodisonli@tinypic.com,Female
776,Genvieve,Stores,gstoreslj@webs.com,Female
777,Nelle,Kendal,nkendallk@bloomberg.com,Female
778,Creigh,Ivashintsov,civashintsovll@hao123.com,Male
779,Celestine,Chainey,cchaineylm@yellowpages.com,Female
780,Chickie,Hanes,chanesln@hud.gov,Male
781,Emerson,Rowbury,erowburylo@fema.gov,Male
782,Ryan,Roser,rroserlp@reference.com,Male
783,Alica,Scriviner,ascrivinerlq@exblog.jp,Female
784,Pattie,Whitehorn,pwhitehornlr@bloglines.com,Agender
785,Tessi,Jacke,tjackels@hexun.com,Female
786,Fran,O'Brogane,fobroganelt@prweb.com,Female
787,Sergei,Kollatsch,skollatschlu@mozilla.com,Male
788,Misti,Tripp,mtripplv@xrea.com,Genderfluid
789,Lyon,McAllaster,lmcallasterlw@ucsd.edu,Male
790,Robena,Mallall,rmallalllx@bandcamp.com,Female
791,Ray,Grendon,rgrendonly@symantec.com,Male
792,Inna,Philipson,iphilipsonlz@bravesites.com,Female
793,Carlyle,Cantopher,ccantopherm0@arstechnica.com,Male
794,Hans,Rusling,hruslingm1@vimeo.com,Male
795,Burtie,Ramsbotham,bramsbothamm2@bbc.co.uk,Male
796,Costa,Atkinson,catkinsonm3@wordpress.org,Male
797,Wesley,Robyns,wrobynsm4@theglobeandmail.com,Male
798,Berke,Greengrass,bgreengrassm5@blogtalkradio.com,Male
799,Nanine,Holligan,nholliganm6@washington.edu,Agender
800,Fern,Allaker,fallakerm7@wufoo.com,Female
801,Garrek,Buckland,gbucklandm8@altervista.org,Genderqueer
802,Ahmed,Hans,ahansm9@telegraph.co.uk,Male
803,Salvidor,Jaeggi,sjaeggima@yahoo.com,Male
804,Giuseppe,O'Teague,goteaguemb@nih.gov,Male
805,Hildagarde,Hinsch,hhinschmc@admin.ch,Female
806,Temple,Lycett,tlycettmd@dell.com,Male
807,Gisela,Ecclestone,gecclestoneme@jimdo.com,Female
808,Carlynn,Gabbatiss,cgabbatissmf@geocities.com,Non-binary
809,Yolande,Skellington,yskellingtonmg@ebay.co.uk,Female
810,Deedee,Tring,dtringmh@vinaora.com,Female
811,Laure,Volett,lvolettmi@mtv.com,Female
812,Cathlene,Salmen,csalmenmj@macromedia.com,Female
813,Austin,Winkle,awinklemk@amazon.co.jp,Female
814,Thibaut,Trays,ttraysml@chronoengine.com,Male
815,Godart,Wiburn,gwiburnmm@tripod.com,Male
816,Connie,Pellington,cpellingtonmn@ebay.co.uk,Female
817,Boony,Coyne,bcoynemo@cdbaby.com,Male
818,Shirline,Mattsson,smattssonmp@ning.com,Female
819,Brent,Birwhistle,bbirwhistlemq@artisteer.com,Male
820,Nona,Layman,nlaymanmr@ca.gov,Female
821,Nelia,Mazzia,nmazziams@ucsd.edu,Female
822,Adrianne,Aiton,aaitonmt@vinaora.com,Female
823,Marcos,Asmus,masmusmu@senate.gov,Male
824,Bobbe,Sauvan,bsauvanmv@smh.com.au,Female
825,Florette,Epine,fepinemw@opensource.org,Female
826,Fred,Jore,fjoremx@jalbum.net,Male
827,Diane,Albro,dalbromy@posterous.com,Female
828,Alisa,Fawckner,afawcknermz@theatlantic.com,Female
829,Curtis,Schollar,cschollarn0@vk.com,Bigender
830,Brooks,Grandham,bgrandhamn1@amazon.de,Male
831,Norrie,Hendrik,nhendrikn2@artisteer.com,Non-binary
832,Jerry,Phlipon,jphliponn3@jalbum.net,Male
833,Diandra,Gillease,dgilleasen4@amazon.co.uk,Agender
834,Benedict,Gittis,bgittisn5@mysql.com,Male
835,Dulsea,Penwright,dpenwrightn6@google.es,Female
836,Lorie,Postan,lpostann7@tinypic.com,Female
837,Lynett,Roelofsen,lroelofsenn8@hp.com,Female
838,Wye,Drewery,wdreweryn9@skyrock.com,Male
839,Tabor,Gaymar,tgaymarna@cornell.edu,Male
840,Cary,O'Shevlin,coshevlinnb@archive.org,Agender
841,Floyd,Nelles,fnellesnc@usda.gov,Male
842,Currey,Eick,ceicknd@etsy.com,Male
843,Lola,Sabater,lsabaterne@topsy.com,Female
844,Yolande,Jerrim,yjerrimnf@domainmarket.com,Female
845,Harli,Witcherley,hwitcherleyng@cdbaby.com,Female
846,Chantal,Pride,cpridenh@ebay.com,Female
847,Jacqui,Malicki,jmalickini@lulu.com,Female
848,Pedro,Tague,ptaguenj@latimes.com,Male
849,Haskell,Reeds,hreedsnk@is.gd,Male
850,Dre,Gaiter,dgaiternl@howstuffworks.com,Female
851,Alexio,Summerlie,asummerlienm@indiatimes.com,Male
852,Gwenneth,Lohering,gloheringnn@bloglovin.com,Female
853,Eveline,Hizir,ehizirno@cam.ac.uk,Female
854,Byram,Rilston,brilstonnp@nyu.edu,Male
855,Tristam,Dutnell,tdutnellnq@loc.gov,Male
856,Olav,Kneeland,okneelandnr@psu.edu,Male
857,Mollie,Wychard,mwychardns@blogspot.com,Female
858,Friederike,Giorgini,fgiorginint@economist.com,Female
859,Dun,Worts,dwortsnu@devhub.com,Male
860,Carolynn,Faldo,cfaldonv@buzzfeed.com,Female
861,Lorilyn,Adamowicz,ladamowicznw@state.gov,Female
862,Quent,Huggett,qhuggettnx@oaic.gov.au,Male
863,Moreen,Bootland,mbootlandny@yellowbook.com,Female
864,Ernaline,Dearan,edearannz@ed.gov,Female
865,Leone,Dobrowolski,ldobrowolskio0@desdev.cn,Female
866,Claudell,Zanneli,czannelio1@google.de,Male
867,Byrle,Saylor,bsayloro2@theguardian.com,Male
868,Cece,Jeffry,cjeffryo3@ox.ac.uk,Male
869,Mathian,Damp,mdampo4@deviantart.com,Male
870,Sher,Dikles,sdikleso5@economist.com,Female
871,Candie,Cheke,cchekeo6@tamu.edu,Female
872,Moina,Dosdale,mdosdaleo7@so-net.ne.jp,Female
873,Coleman,Kyrkeman,ckyrkemano8@pagesperso-orange.fr,Male
874,Jennilee,Cuckson,jcucksono9@nymag.com,Female
875,Inglebert,Abdey,iabdeyoa@barnesandnoble.com,Male
876,Shaylynn,Patty,spattyob@oakley.com,Female
877,Thornton,Bernuzzi,tbernuzzioc@mlb.com,Male
878,Arlana,Seniour,aseniourod@cnet.com,Female
879,Ursa,Torrese,utorreseoe@moonfruit.com,Female
880,Harri,Waylett,hwaylettof@topsy.com,Female
881,Dorrie,Mewett,dmewettog@weebly.com,Genderfluid
882,Nevil,O'Feeney,nofeeneyoh@gmpg.org,Male
883,Fanni,MacCrann,fmaccrannoi@google.it,Female
884,Currey,Crone,ccroneoj@freewebs.com,Male
885,Magdaia,Windrum,mwindrumok@paypal.com,Female
886,Tandi,Blakelock,tblakelockol@4shared.com,Female
887,Judye,Nockolds,jnockoldsom@simplemachines.org,Female
888,Clarinda,Shrubb,cshrubbon@hubpages.com,Female
889,Wakefield,Pisculli,wpiscullioo@cornell.edu,Male
890,Jess,Wilkisson,jwilkissonop@oakley.com,Female
891,Erik,Janczyk,ejanczykoq@java.com,Genderqueer
892,Mareah,Leeke,mleekeor@t-online.de,Female
893,Elsie,Summerly,esummerlyos@umn.edu,Female
894,Nonnah,Croneen,ncroneenot@opera.com,Female
895,Anny,Beidebeke,abeidebekeou@trellian.com,Female
896,Katheryn,Liell,kliellov@deliciousdays.com,Female
897,Mignonne,Limrick,mlimrickow@ning.com,Female
898,Rory,Twelvetrees,rtwelvetreesox@soup.io,Female
899,Waylen,Smellie,wsmellieoy@abc.net.au,Male
900,Barny,Canelas,bcanelasoz@army.mil,Male
901,Rene,Carvell,rcarvellp0@hostgator.com,Male
902,Fletch,Arnopp,farnoppp1@globo.com,Male
903,Marney,Roseborough,mroseboroughp2@barnesandnoble.com,Female
904,Gun,McCartan,gmccartanp3@narod.ru,Male
905,Shelley,Issakov,sissakovp4@phpbb.com,Female
906,Isabel,Booley,ibooleyp5@example.com,Female
907,Lyssa,Andrew,landrewp6@patch.com,Female
908,Valerye,Guerreau,vguerreaup7@businessweek.com,Agender
909,Erasmus,McTrustam,emctrustamp8@cam.ac.uk,Male
910,Ardelis,Dunne,adunnep9@google.com.hk,Female
911,Isacco,McPaike,imcpaikepa@oakley.com,Male
912,Kimbell,Downton,kdowntonpb@microsoft.com,Male
913,Stern,Spiteri,sspiteripc@delicious.com,Male
914,Zaccaria,Kenney,zkenneypd@rediff.com,Genderfluid
915,Myriam,Rijkeseis,mrijkeseispe@mail.ru,Genderfluid
916,Karissa,Gosker,kgoskerpf@phoca.cz,Female
917,Bell,Gresham,bgreshampg@cdc.gov,Female
918,Barbaraanne,Varvell,bvarvellph@exblog.jp,Agender
919,Kimble,Hillin,khillinpi@businessinsider.com,Male
920,Magdalen,Crickett,mcrickettpj@com.com,Female
921,Fields,Lukock,flukockpk@goo.gl,Male
922,Elden,Digman,edigmanpl@pinterest.com,Male
923,Robena,Milksop,rmilksoppm@hubpages.com,Female
924,Malena,Olennikov,molennikovpn@europa.eu,Female
925,Corry,Leonardi,cleonardipo@npr.org,Female
926,Sheeree,Stiell,sstiellpp@trellian.com,Female
927,Ed,Peake,epeakepq@pcworld.com,Male
928,Rhett,McArdle,rmcardlepr@google.fr,Male
929,Averill,Lasty,alastyps@wikipedia.org,Male
930,Suellen,Dissman,sdissmanpt@devhub.com,Female
931,Broddie,McInnerny,bmcinnernypu@wp.com,Male
932,Bettye,Whitta,bwhittapv@gmpg.org,Female
933,Erik,MacGray,emacgraypw@webnode.com,Male
934,Cherin,Trevino,ctrevinopx@cmu.edu,Female
935,Gerik,Hardbattle,ghardbattlepy@xrea.com,Male
936,Alanna,Boyett,aboyettpz@patch.com,Polygender
937,Karly,Hriinchenko,khriinchenkoq0@google.ca,Female
938,Wendeline,Farlham,wfarlhamq1@java.com,Female
939,Keeley,Hallbird,khallbirdq2@homestead.com,Female
940,Saw,Cotesford,scotesfordq3@mapy.cz,Male
941,Giffie,Wallington,gwallingtonq4@istockphoto.com,Male
942,Bartholemy,Wingeatt,bwingeattq5@sciencedirect.com,Male
943,Trumaine,Garman,tgarmanq6@kickstarter.com,Male
944,Leelah,Purton,lpurtonq7@chicagotribune.com,Female
945,Mil,O' Shea,mosheaq8@gizmodo.com,Female
946,Hugibert,Cowper,hcowperq9@buzzfeed.com,Male
947,Sayre,Asch,saschqa@wordpress.org,Female
948,Lonee,Critoph,lcritophqb@barnesandnoble.com,Female
949,Darius,Houndsom,dhoundsomqc@dell.com,Male
950,Donny,Golland,dgollandqd@networksolutions.com,Male
951,Darby,Bohills,dbohillsqe@blog.com,Male
952,Ly,Kebell,lkebellqf@umich.edu,Male
953,Elfie,Blois,ebloisqg@purevolume.com,Female
954,Fremont,Gokes,fgokesqh@shinystat.com,Male
955,Elladine,Finessy,efinessyqi@amazon.de,Female
956,Ky,Batterbee,kbatterbeeqj@theglobeandmail.com,Male
957,Lester,Siddaley,lsiddaleyqk@acquirethisname.com,Male
958,Arielle,Penritt,apenrittql@google.ca,Female
959,Flory,Chomley,fchomleyqm@so-net.ne.jp,Male
960,Kasper,Girardey,kgirardeyqn@goo.ne.jp,Male
961,Fenelia,Tibald,ftibaldqo@soup.io,Female
962,Denys,McCallum,dmccallumqp@indiatimes.com,Bigender
963,Wyndham,Garretson,wgarretsonqq@go.com,Male
964,Glynda,Baudesson,gbaudessonqr@yahoo.co.jp,Female
965,Ailene,Crinidge,acrinidgeqs@omniture.com,Female
966,Colin,Erskine,cerskineqt@state.gov,Male
967,Dolley,Gosalvez,dgosalvezqu@cargocollective.com,Female
968,Lucais,Pettisall,lpettisallqv@accuweather.com,Male
969,Dirk,Carwithen,dcarwithenqw@si.edu,Male
970,Kimmi,Neilson,kneilsonqx@va.gov,Female
971,Brear,Makeswell,bmakeswellqy@merriam-webster.com,Female
972,Nolan,Bourdel,nbourdelqz@smh.com.au,Male
973,Moise,Silverthorn,msilverthornr0@istockphoto.com,Male
974,Ive,Heinreich,iheinreichr1@biblegateway.com,Male
975,Maressa,Halt,mhaltr2@marketwatch.com,Female
976,Kaycee,Phippin,kphippinr3@meetup.com,Female
977,Rosalind,Badrock,rbadrockr4@plala.or.jp,Female
978,Kathleen,Warfield,kwarfieldr5@thetimes.co.uk,Female
979,Alina,Tunuy,atunuyr6@slashdot.org,Genderqueer
980,Osbourn,Oxenden,ooxendenr7@photobucket.com,Male
981,Dredi,Eddis,deddisr8@amazon.de,Bigender
982,Mehetabel,Ceely,mceelyr9@sfgate.com,Non-binary
983,Alla,Vasilov,avasilovra@angelfire.com,Female
984,Skyler,Winslett,swinslettrb@prnewswire.com,Male
985,Roderigo,Finney,rfinneyrc@yahoo.co.jp,Male
986,Joby,Seyers,jseyersrd@tiny.cc,Female
987,Stillmann,Cranch,scranchre@moonfruit.com,Male
988,Sela,Lappine,slappinerf@about.me,Female
989,Norbie,Arton,nartonrg@amazonaws.com,Male
990,Cindee,Doonican,cdoonicanrh@ucla.edu,Female
991,Nicky,Cathenod,ncathenodri@forbes.com,Male
992,Robena,Fellos,rfellosrj@mtv.com,Polygender
993,Lusa,Mayward,lmaywardrk@flavors.me,Female
994,Merola,Curnow,mcurnowrl@twitter.com,Female
995,Anallise,Allchin,aallchinrm@google.co.uk,Female
996,Mal,Juste,mjustern@cocolog-nifty.com,Male
997,Fanny,Clutterham,fclutterhamro@wordpress.com,Female
998,Mersey,Tabourin,mtabourinrp@devhub.com,Polygender
999,Sheffie,Josowitz,sjosowitzrq@mac.com,Male
1000,Serene,Hertwell,shertwellrr@google.com.hk,Female